Predicted Emotion,Probability
neutral,0.44624227
neutral,0.5034621
happy,0.48594826
happy,0.5892275
scared,0.309386
happy,0.46254715
happy,0.44083914
happy,0.46614477
happy,0.3845557
happy,0.5323189
